{
  "results": [
    {
      "date": "2024-03-01",
      "ville": "Poitiers",
      "gc_obo_nature_c": "Sac à main",
      "description": null,
      "gc_obo_type_c": "Bagagerie: sacs, valises, cartables",
      "gc_obo_nom_recordtype_sc_c": "Perdu",
      "id": "cd32"
    },
    {
      "date": "2024-03-15",
      "ville": "Le Mans",
      "gc_obo_nature_c": "Peluche",
      "description": "un ourson en peluche de couleur brun clair trouvé sur un banc dans le parc victor hugo",
      "gc_obo_type_c": "Articles d'enfants, de puériculture",
      "gc_obo_nom_recordtype_sc_c": "Trouvé",
      "id": "cd32"
    },
    {
      "date": "2024-02-06",
      "ville": "Le Mans",
      "gc_obo_nature_c": "Peluche",
      "description": "un lapin en peluche de couleur blanc trouvé par terre",
      "gc_obo_type_c": "Articles d'enfants, de puériculture",
      "gc_obo_nom_recordtype_sc_c": "Trouvé",
      "id": "cd32"
    },
    {
      "date": "2024-01-01",
      "ville": "Le Mans",
      "gc_obo_nature_c": "Peluche",
      "description": "un koala en peluche de couleur vert",
      "gc_obo_type_c": "Articles d'enfants, de puériculture",
      "gc_obo_nom_recordtype_sc_c": "Trouvé",
      "id": "cd32"
    },
    {
      "date": "2024-03-01",
      "ville": "Angers",
      "gc_obo_nature_c": "Sac à main",
      "description": null,
      "gc_obo_type_c": "Bagagerie: sacs, valises, cartables",
      "gc_obo_nom_recordtype_sc_c": "Perdu",
      "id": "6226"
    },
    {
      "date": "2024-01-01",
      "ville": null,
      "gc_obo_nature_c": "Sac à dos",
      "description": null,
      "gc_obo_type_c": "Bagagerie: sacs, valises, cartables",
      "gc_obo_nom_recordtype_sc_c": "Perdu",
      "id": "9483"
    },
    {
      "date": "2024-01-01",
      "ville": "Lille",
      "gc_obo_nature_c": "Sacoche ventrale, banane",
      "description": null,
      "gc_obo_type_c": "Bagagerie: sacs, valises, cartables",
      "gc_obo_nom_recordtype_sc_c": "Perdu",
      "id": "135c"
    },
    {
      "date": "2024-01-01",
      "ville": "Lille",
      "gc_obo_nature_c": "Carte de crédit",
      "description": null,
      "gc_obo_type_c": "Porte-monnaie portefeuille, argent, titres",
      "gc_obo_nom_recordtype_sc_c": "Perdu",
      "id": "9cfd"
    },
    {
      "date": "2024-01-01",
      "ville": "Angers",
      "gc_obo_nature_c": "Boucles d'oreilles",
      "description": null,
      "gc_obo_type_c": "Bijoux, montres",
      "gc_obo_nom_recordtype_sc_c": "Perdu",
      "id": "6000"
    },
    {
      "date": "2024-01-01",
      "ville": "Paris",
      "gc_obo_nature_c": "Sac de voyage, sac de sport, sac à bandoulière",
      "description": null,
      "gc_obo_type_c": "Bagagerie: sacs, valises, cartables",
      "gc_obo_nom_recordtype_sc_c": "Perdu",
      "id": "9083"
    },
    {
      "date": "2024-01-01",
      "ville": "Le Mans",
      "gc_obo_nature_c": "Valise, sac sur roulettes",
      "description": null,
      "gc_obo_type_c": "Bagagerie: sacs, valises, cartables",
      "gc_obo_nom_recordtype_sc_c": "Perdu",
      "id": "ea84"
    },
    {
      "date": "2024-01-01",
      "ville": "Brive",
      "gc_obo_nature_c": "Casque (vélo, moto)",
      "description": null,
      "gc_obo_type_c": "Vélos, trottinettes, accessoires 2 roues",
      "gc_obo_nom_recordtype_sc_c": "Perdu",
      "id": "f1bd"
    },
    {
      "date": "2024-01-05",
      "ville": "Angers",
      "gc_obo_nature_c": "Sac d'enseigne (plastique, papier, ...)",
      "description": null,
      "gc_obo_type_c": "Bagagerie: sacs, valises, cartables",
      "gc_obo_nom_recordtype_sc_c": "Perdu",
      "id": "aee1"
    },
    {
      "date": "2024-02-20",
      "ville": "Paris",
      "gc_obo_nature_c": "Peluche",
      "description": "un petit lapin en peluche blanc",
      "gc_obo_type_c": "Articles d'enfants, de puériculture",
      "gc_obo_nom_recordtype_sc_c": "Trouvé",
      "id": "cd32"
    },
    {
      "date": "2024-01-04",
      "ville": "Le Mans",
      "gc_obo_nature_c": "Valise, sac sur roulettes",
      "description": null,
      "gc_obo_type_c": "Bagagerie: sacs, valises, cartables",
      "gc_obo_nom_recordtype_sc_c": "Perdu",
      "id": "d08c"
    },
    {
      "date": "2024-01-05",
      "ville": "Paris",
      "gc_obo_nature_c": "Ordinateur, ordinateur portable, notebook",
      "description": null,
      "gc_obo_type_c": "Appareils électroniques, informatiques, appareils photo",
      "gc_obo_nom_recordtype_sc_c": "Perdu",
      "id": "50a0"
    },
    {
      "date": "2024-01-04",
      "ville": "Le Mans",
      "gc_obo_nature_c": "Ordinateur, ordinateur portable, notebook",
      "description": null,
      "gc_obo_type_c": "Appareils électroniques, informatiques, appareils photo",
      "gc_obo_nom_recordtype_sc_c": "Perdu",
      "id": "a206"
    },
    {
      "date": "2024-01-09",
      "ville": "Nantes",
      "gc_obo_nature_c": "Peluche",
      "description": "un panda en peluche noir rt blanc",
      "gc_obo_type_c": "Articles d'enfants, de puériculture",
      "gc_obo_nom_recordtype_sc_c": "Trouvé",
      "id": "cd32"
    },
    {
      "date": "2024-01-05",
      "ville": "Orléans",
      "gc_obo_nature_c": "Clés, porte-clés",
      "description": null,
      "gc_obo_type_c": "Clés, porte-clés, badge magnétique",
      "gc_obo_nom_recordtype_sc_c": "Perdu",
      "id": "6030"
    },
    {
      "date": "2024-01-05",
      "ville": null,
      "gc_obo_nature_c": "Porte-monnaie, portefeuille",
      "description": null,
      "gc_obo_type_c": "Porte-monnaie portefeuille, argent, titres",
      "gc_obo_nom_recordtype_sc_c": "Perdu",
      "id": "c537"
    },
    {
      "date": "2024-01-04",
      "ville": null,
      "gc_obo_nature_c": "Appareil photo, caméscopecaméras et accessoires protégé (sac, sacoche,...)",
      "description": null,
      "gc_obo_type_c": "Appareils électroniques, informatiques, appareils photo",
      "gc_obo_nom_recordtype_sc_c": "Perdu",
      "id": "2791"
    },
    {
      "date": "2024-01-03",
      "ville": null,
      "gc_obo_nature_c": "Nécessaire, mallette de toilette, sac de maquillage",
      "description": null,
      "gc_obo_type_c": "Bagagerie: sacs, valises, cartables",
      "gc_obo_nom_recordtype_sc_c": "Perdu",
      "id": "64a2"
    },
    {
      "date": "2024-01-04",
      "ville": null,
      "gc_obo_nature_c": "Porte-monnaie, portefeuille",
      "description": null,
      "gc_obo_type_c": "Porte-monnaie portefeuille, argent, titres",
      "gc_obo_nom_recordtype_sc_c": "Perdu",
      "id": "86df"
    },
    {
      "date": "2024-01-04",
      "ville": null,
      "gc_obo_nature_c": "Pièce d'identité personnelle et autre",
      "description": null,
      "gc_obo_type_c": "Pièces d'identités et papiers personnels",
      "gc_obo_nom_recordtype_sc_c": "Perdu",
      "id": "459c"
    },
    {
      "date": "2024-01-02",
      "ville": null,
      "gc_obo_nature_c": "Autres appareils et accessoires électroniques",
      "description": null,
      "gc_obo_type_c": "Appareils électroniques, informatiques, appareils photo",
      "gc_obo_nom_recordtype_sc_c": "Perdu",
      "id": "3538"
    },
    {
      "date": "2024-01-05",
      "ville": "Chambéry",
      "gc_obo_nature_c": "Porte-monnaie, portefeuille",
      "description": null,
      "gc_obo_type_c": "Porte-monnaie portefeuille, argent, titres",
      "gc_obo_nom_recordtype_sc_c": "Perdu",
      "id": "ed8b"
    },
    {
      "date": "2024-01-02",
      "ville": null,
      "gc_obo_nature_c": "Sac de voyage, sac de sport, sac à bandoulière",
      "description": null,
      "gc_obo_type_c": "Bagagerie: sacs, valises, cartables",
      "gc_obo_nom_recordtype_sc_c": "Perdu",
      "id": "f558"
    },
    {
      "date": "2024-01-03",
      "ville": null,
      "gc_obo_nature_c": "Porte-monnaie, portefeuille",
      "description": null,
      "gc_obo_type_c": "Porte-monnaie portefeuille, argent, titres",
      "gc_obo_nom_recordtype_sc_c": "Perdu",
      "id": "cc50"
    },
    {
      "date": "2024-01-05",
      "ville": "Grenoble",
      "gc_obo_nature_c": "Sac à dos",
      "description": null,
      "gc_obo_type_c": "Bagagerie: sacs, valises, cartables",
      "gc_obo_nom_recordtype_sc_c": "Perdu",
      "id": "3f81"
    },
    {
      "date": "2024-01-05",
      "ville": "Marseille",
      "gc_obo_nature_c": "Valise, sac sur roulettes",
      "description": null,
      "gc_obo_type_c": "Bagagerie: sacs, valises, cartables",
      "gc_obo_nom_recordtype_sc_c": "Perdu",
      "id": "d3d0"
    },
    {
      "date": "2024-01-03",
      "ville": null,
      "gc_obo_nature_c": "Sac à main",
      "description": null,
      "gc_obo_type_c": "Bagagerie: sacs, valises, cartables",
      "gc_obo_nom_recordtype_sc_c": "Perdu",
      "id": "8a18"
    },
    {
      "date": "2024-01-04",
      "ville": null,
      "gc_obo_nature_c": "Sac à dos",
      "description": null,
      "gc_obo_type_c": "Bagagerie: sacs, valises, cartables",
      "gc_obo_nom_recordtype_sc_c": "Perdu",
      "id": "caa9"
    },
    {
      "date": "2024-01-05",
      "ville": null,
      "gc_obo_nature_c": "Argent liquide  Espèces",
      "description": null,
      "gc_obo_type_c": "Porte-monnaie portefeuille, argent, titres",
      "gc_obo_nom_recordtype_sc_c": "Perdu",
      "id": "6d23"
    },
    {
      "date": "2024-01-04",
      "ville": "Lyon",
      "gc_obo_nature_c": "Valise, sac sur roulettes",
      "description": null,
      "gc_obo_type_c": "Bagagerie: sacs, valises, cartables",
      "gc_obo_nom_recordtype_sc_c": "Perdu",
      "id": "5577"
    },
    {
      "date": "2024-01-02",
      "ville": "Paris",
      "gc_obo_nature_c": "Carte d'identité, passeport, permis de conduire",
      "description": null,
      "gc_obo_type_c": "Pièces d'identités et papiers personnels",
      "gc_obo_nom_recordtype_sc_c": "Perdu",
      "id": "baad"
    },
    {
      "date": "2024-01-05",
      "ville": "La Rochelle",
      "gc_obo_nature_c": "Sac à dos",
      "description": null,
      "gc_obo_type_c": "Bagagerie: sacs, valises, cartables",
      "gc_obo_nom_recordtype_sc_c": "Perdu",
      "id": "a7e9"
    },
    {
      "date": "2024-01-04",
      "ville": null,
      "gc_obo_nature_c": "Manteau, veste, blazer, parka, blouson, cape",
      "description": null,
      "gc_obo_type_c": "Vêtements, chaussures",
      "gc_obo_nom_recordtype_sc_c": "Perdu",
      "id": "6d09"
    },
    {
      "date": "2024-01-05",
      "ville": null,
      "gc_obo_nature_c": "Valise, sac sur roulettes",
      "description": null,
      "gc_obo_type_c": "Bagagerie: sacs, valises, cartables",
      "gc_obo_nom_recordtype_sc_c": "Perdu",
      "id": "4e56"
    },
    {
      "date": "2024-01-05",
      "ville": null,
      "gc_obo_nature_c": "Porte-monnaie, portefeuille",
      "description": null,
      "gc_obo_type_c": "Porte-monnaie portefeuille, argent, titres",
      "gc_obo_nom_recordtype_sc_c": "Perdu",
      "id": "fa6f"
    },
    {
      "date": "2024-01-03",
      "ville": "Limoges",
      "gc_obo_nature_c": "Porte-monnaie, portefeuille",
      "description": null,
      "gc_obo_type_c": "Porte-monnaie portefeuille, argent, titres",
      "gc_obo_nom_recordtype_sc_c": "Perdu",
      "id": "d748"
    },
    {
      "date": "2024-01-06",
      "ville": "Paris",
      "gc_obo_nature_c": "Tablette tactile protégée (étui, housse)",
      "description": null,
      "gc_obo_type_c": "Appareils électroniques, informatiques, appareils photo",
      "gc_obo_nom_recordtype_sc_c": "Perdu",
      "id": "97ca"
    },
    {
      "date": "2024-01-06",
      "ville": "Limoges",
      "gc_obo_nature_c": "Sac d'enseigne (plastique, papier, ...)",
      "description": null,
      "gc_obo_type_c": "Bagagerie: sacs, valises, cartables",
      "gc_obo_nom_recordtype_sc_c": "Perdu",
      "id": "058d"
    },
    {
      "date": "2024-01-06",
      "ville": null,
      "gc_obo_nature_c": "Attaché-case, serviette",
      "description": null,
      "gc_obo_type_c": "Bagagerie: sacs, valises, cartables",
      "gc_obo_nom_recordtype_sc_c": "Perdu",
      "id": "3744"
    },
    {
      "date": "2024-01-04",
      "ville": "Paris",
      "gc_obo_nature_c": "Sac à dos",
      "description": null,
      "gc_obo_type_c": "Bagagerie: sacs, valises, cartables",
      "gc_obo_nom_recordtype_sc_c": "Perdu",
      "id": "31e8"
    },
    {
      "date": "2024-01-06",
      "ville": "Bordeaux",
      "gc_obo_nature_c": "Sac d'enseigne (plastique, papier, ...)",
      "description": null,
      "gc_obo_type_c": "Bagagerie: sacs, valises, cartables",
      "gc_obo_nom_recordtype_sc_c": "Perdu",
      "id": "69cd"
    },
    {
      "date": "2024-01-03",
      "ville": null,
      "gc_obo_nature_c": "Raquette de tennis, de badminton",
      "description": null,
      "gc_obo_type_c": "Articles de sport, loisirs, camping",
      "gc_obo_nom_recordtype_sc_c": "Perdu",
      "id": "f8ae"
    },
    {
      "date": "2024-01-05",
      "ville": null,
      "gc_obo_nature_c": "Sac à dos",
      "description": null,
      "gc_obo_type_c": "Bagagerie: sacs, valises, cartables",
      "gc_obo_nom_recordtype_sc_c": "Perdu",
      "id": "4cf4"
    },
    {
      "date": "2024-01-03",
      "ville": null,
      "description": null,
      "gc_obo_nature_c": "Boucles d'oreilles",
      "gc_obo_type_c": "Bijoux, montres",
      "gc_obo_nom_recordtype_sc_c": "Perdu",
      "id": "790e"
    },
    {
      "date": "2024-01-03",
      "ville": null,
      "gc_obo_nature_c": "Manteau, veste, blazer, parka, blouson, cape",
      "description": null,
      "gc_obo_type_c": "Vêtements, chaussures",
      "gc_obo_nom_recordtype_sc_c": "Perdu",
      "id": "6820"
    },
    {
      "date": "2024-01-05",
      "ville": null,
      "gc_obo_nature_c": "Pièce d'identité personnelle et autre",
      "description": null,
      "gc_obo_type_c": "Pièces d'identités et papiers personnels",
      "gc_obo_nom_recordtype_sc_c": "Perdu",
      "id": "cb3d"
    },
    {
      "date": "2024-01-05",
      "ville": null,
      "gc_obo_nature_c": "Manteau, veste, blazer, parka, blouson, cape",
      "description": null,
      "gc_obo_type_c": "Vêtements, chaussures",
      "gc_obo_nom_recordtype_sc_c": "Perdu",
      "id": "f870"
    },
    {
      "date": "2024-01-05",
      "ville": null,
      "gc_obo_nature_c": "Clés, porte-clés",
      "description": null,
      "gc_obo_type_c": "Clés, porte-clés, badge magnétique",
      "gc_obo_nom_recordtype_sc_c": "Perdu",
      "id": "2649"
    },
    {
      "date": "2024-01-04",
      "ville": null,
      "gc_obo_nature_c": "Carte d'identité, passeport, permis de conduire",
      "description": null,
      "gc_obo_type_c": "Pièces d'identités et papiers personnels",
      "gc_obo_nom_recordtype_sc_c": "Perdu",
      "id": "7444"
    },
    {
      "date": "2024-01-07",
      "ville": null,
      "gc_obo_nature_c": "Ordinateur, ordinateur portable, notebook protégé (étui, housse,...)",
      "description": null,
      "gc_obo_type_c": "Appareils électroniques, informatiques, appareils photo",
      "gc_obo_nom_recordtype_sc_c": "Perdu",
      "id": "fc4d"
    },
    {
      "date": "2024-01-07",
      "ville": "Strasbourg",
      "gc_obo_nature_c": "Sac à main",
      "gc_obo_type_c": "Bagagerie: sacs, valises, cartables",
      "description": null,
      "gc_obo_nom_recordtype_sc_c": "Perdu",
      "id": "3ad4"
    },
    {
      "date": "2024-01-06",
      "ville": null,
      "gc_obo_nature_c": "Sac de voyage, sac de sport, sac à bandoulière",
      "description": null,
      "gc_obo_type_c": "Bagagerie: sacs, valises, cartables",
      "gc_obo_nom_recordtype_sc_c": "Perdu",
      "id": "b80f"
    },
    {
      "date": "2024-01-02",
      "ville": null,
      "gc_obo_nature_c": "Lunettes",
      "description": null,
      "gc_obo_type_c": "Optique",
      "gc_obo_nom_recordtype_sc_c": "Perdu",
      "id": "d449"
    },
    {
      "date": "2024-01-03",
      "ville": null,
      "gc_obo_nature_c": "Sac à dos",
      "description": null,
      "gc_obo_type_c": "Bagagerie: sacs, valises, cartables",
      "gc_obo_nom_recordtype_sc_c": "Perdu",
      "id": "01ce"
    },
    {
      "date": "2024-01-07",
      "ville": "Paris",
      "gc_obo_nature_c": "Clés, porte-clés",
      "description": null,
      "gc_obo_type_c": "Clés, porte-clés, badge magnétique",
      "gc_obo_nom_recordtype_sc_c": "Perdu",
      "id": "4153"
    },
    {
      "date": "2024-01-07",
      "ville": "Tours",
      "gc_obo_nature_c": "Sac à dos",
      "description": null,
      "gc_obo_type_c": "Bagagerie: sacs, valises, cartables",
      "gc_obo_nom_recordtype_sc_c": "Perdu",
      "id": "a7be"
    },
    {
      "date": "2024-01-02",
      "ville": null,
      "gc_obo_nature_c": "AirPod, casque audio, écouteurs",
      "description": null,
      "gc_obo_type_c": "Appareils électroniques, informatiques, appareils photo",
      "gc_obo_nom_recordtype_sc_c": "Perdu",
      "id": "6ad8"
    },
    {
      "date": "2024-01-07",
      "ville": "Tours",
      "gc_obo_nature_c": "Porte-monnaie, portefeuille",
      "description": null,
      "gc_obo_type_c": "Porte-monnaie portefeuille, argent, titres",
      "gc_obo_nom_recordtype_sc_c": "Perdu",
      "id": "f143"
    },
    {
      "date": "2024-01-04",
      "ville": null,
      "gc_obo_nature_c": "Sac à dos",
      "description": null,
      "gc_obo_type_c": "Bagagerie: sacs, valises, cartables",
      "gc_obo_nom_recordtype_sc_c": "Perdu",
      "id": "97f9"
    },
    {
      "date": "2024-01-02",
      "ville": "Paris",
      "description": null,
      "gc_obo_nature_c": "Téléphone portable",
      "gc_obo_type_c": "Appareils électroniques, informatiques, appareils photo",
      "gc_obo_nom_recordtype_sc_c": "Perdu",
      "id": "7502"
    },
    {
      "date": "2024-01-02",
      "ville": "Paris",
      "gc_obo_nature_c": "Appareil photo, caméscopecaméras et accessoires protégé (sac, sacoche,...)",
      "description": null,
      "gc_obo_type_c": "Appareils électroniques, informatiques, appareils photo",
      "gc_obo_nom_recordtype_sc_c": "Perdu",
      "id": "c58f"
    },
    {
      "date": "2024-01-01",
      "ville": null,
      "gc_obo_nature_c": "Valise, sac sur roulettes",
      "description": null,
      "gc_obo_type_c": "Bagagerie: sacs, valises, cartables",
      "gc_obo_nom_recordtype_sc_c": "Perdu",
      "id": "c2de"
    },
    {
      "date": "2024-01-02",
      "ville": "Nantes",
      "description": null,
      "gc_obo_nature_c": "Porte-monnaie, portefeuille",
      "gc_obo_type_c": "Porte-monnaie portefeuille, argent, titres",
      "gc_obo_nom_recordtype_sc_c": "Perdu",
      "id": "d1b5"
    },
    {
      "date": "2024-01-02",
      "ville": "Paris",
      "gc_obo_nature_c": "Sac à main",
      "description": null,
      "gc_obo_type_c": "Bagagerie: sacs, valises, cartables",
      "gc_obo_nom_recordtype_sc_c": "Perdu",
      "id": "a098"
    },
    {
      "date": "2024-01-02",
      "description": null,
      "ville": "Paris",
      "gc_obo_nature_c": "Porte-monnaie, portefeuille",
      "gc_obo_type_c": "Porte-monnaie portefeuille, argent, titres",
      "gc_obo_nom_recordtype_sc_c": "Perdu",
      "id": "6cfd"
    },
    {
      "date": "2024-01-02",
      "ville": "Paris",
      "gc_obo_nature_c": "Valise, sac sur roulettes",
      "description": null,
      "gc_obo_type_c": "Bagagerie: sacs, valises, cartables",
      "gc_obo_nom_recordtype_sc_c": "Perdu",
      "id": "6fae"
    },
    {
      "date": "2024-01-02",
      "ville": "Paris",
      "gc_obo_nature_c": "Valise, sac sur roulettes",
      "description": null,
      "gc_obo_type_c": "Bagagerie: sacs, valises, cartables",
      "gc_obo_nom_recordtype_sc_c": "Perdu",
      "id": "5411"
    },
    {
      "date": "2024-01-02",
      "ville": "Nancy",
      "gc_obo_nature_c": "Chaussures (autre que chaussures de ski et patins)",
      "description": null,
      "gc_obo_type_c": "Vêtements, chaussures",
      "gc_obo_nom_recordtype_sc_c": "Perdu",
      "id": "8215"
    },
    {
      "date": "2024-01-01",
      "ville": null,
      "gc_obo_nature_c": "Raquette de tennis, de badminton",
      "description": null,
      "gc_obo_type_c": "Articles de sport, loisirs, camping",
      "gc_obo_nom_recordtype_sc_c": "Perdu",
      "id": "612d"
    },
    {
      "date": "2024-01-02",
      "ville": "Rennes",
      "gc_obo_nature_c": "Carte d'identité, passeport, permis de conduire",
      "description": null,
      "gc_obo_type_c": "Pièces d'identités et papiers personnels",
      "gc_obo_nom_recordtype_sc_c": "Perdu",
      "id": "b568"
    },
    {
      "date": "2024-01-02",
      "ville": "Orléans",
      "gc_obo_nature_c": "Téléphone portable",
      "gc_obo_type_c": "Appareils électroniques, informatiques, appareils photo",
      "description": null,
      "gc_obo_nom_recordtype_sc_c": "Perdu",
      "id": "3a04"
    },
    {
      "date": "2024-01-01",
      "ville": null,
      "gc_obo_nature_c": "Ordinateur, ordinateur portable, notebook",
      "gc_obo_type_c": "Appareils électroniques, informatiques, appareils photo",
      "description": null,
      "gc_obo_nom_recordtype_sc_c": "Perdu",
      "id": "f09e"
    },
    {
      "date": "2024-01-02",
      "ville": null,
      "gc_obo_nature_c": "Carte d'identité, passeport, permis de conduire",
      "description": null,
      "gc_obo_type_c": "Pièces d'identités et papiers personnels",
      "gc_obo_nom_recordtype_sc_c": "Perdu",
      "id": "c6cc"
    },
    {
      "date": "2024-01-01",
      "ville": null,
      "gc_obo_nature_c": "Clé de voiture",
      "gc_obo_type_c": "Clés, porte-clés, badge magnétique",
      "description": null,
      "gc_obo_nom_recordtype_sc_c": "Perdu",
      "id": "2ef3"
    },
    {
      "date": "2024-01-02",
      "ville": "Paris",
      "gc_obo_nature_c": "Sac à dos",
      "gc_obo_type_c": "Bagagerie: sacs, valises, cartables",
      "description": null,
      "gc_obo_nom_recordtype_sc_c": "Perdu",
      "id": "ae23"
    },
    {
      "date": "2024-01-02",
      "ville": "Paris",
      "gc_obo_nature_c": "Carte d'identité, passeport, permis de conduire",
      "description": null,
      "gc_obo_type_c": "Pièces d'identités et papiers personnels",
      "gc_obo_nom_recordtype_sc_c": "Perdu",
      "id": "ca47"
    },
    {
      "date": "2024-01-03",
      "ville": "Bordeaux",
      "gc_obo_nature_c": "Sac à dos",
      "gc_obo_type_c": "Bagagerie: sacs, valises, cartables",
      "description": null,
      "gc_obo_nom_recordtype_sc_c": "Perdu",
      "id": "d1de"
    },
    {
      "date": "2024-01-02",
      "ville": "Paris",
      "gc_obo_nature_c": "Sac à dos",
      "description": null,
      "gc_obo_type_c": "Bagagerie: sacs, valises, cartables",
      "gc_obo_nom_recordtype_sc_c": "Perdu",
      "id": "436f"
    },
    {
      "date": "2024-01-02",
      "ville": "Paris",
      "gc_obo_nature_c": "Sacoche pour ordinateur, photo, vidéo",
      "description": null,
      "gc_obo_type_c": "Bagagerie: sacs, valises, cartables",
      "gc_obo_nom_recordtype_sc_c": "Perdu",
      "id": "00c7"
    },
    {
      "date": "2024-01-03",
      "ville": "Paris",
      "gc_obo_nature_c": "Porte-monnaie, portefeuille",
      "gc_obo_type_c": "Porte-monnaie portefeuille, argent, titres",
      "description": null,
      "gc_obo_nom_recordtype_sc_c": "Perdu",
      "id": "437c"
    },
    {
      "date": "2024-01-03",
      "ville": "Paris",
      "gc_obo_nature_c": "Sac de voyage, sac de sport, sac à bandoulière",
      "description": null,
      "gc_obo_type_c": "Bagagerie: sacs, valises, cartables",
      "gc_obo_nom_recordtype_sc_c": "Perdu",
      "id": "4d11"
    },
    {
      "date": "2024-01-03",
      "ville": "Caen",
      "gc_obo_nature_c": "Téléphone portable",
      "gc_obo_type_c": "Appareils électroniques, informatiques, appareils photo",
      "description": null,
      "gc_obo_nom_recordtype_sc_c": "Perdu",
      "id": "d2bc"
    },
    {
      "date": "2024-01-03",
      "ville": "Paris",
      "gc_obo_nature_c": "Pull over, gilet",
      "description": null,
      "gc_obo_type_c": "Vêtements, chaussures",
      "gc_obo_nom_recordtype_sc_c": "Perdu",
      "id": "da44"
    },
    {
      "date": "2024-01-03",
      "ville": "Strasbourg",
      "gc_obo_nature_c": "Porte-monnaie, portefeuille",
      "gc_obo_type_c": "Porte-monnaie portefeuille, argent, titres",
      "description": null,
      "gc_obo_nom_recordtype_sc_c": "Perdu",
      "id": "bb2a"
    },
    {
      "date": "2024-01-03",
      "ville": "Paris",
      "gc_obo_nature_c": "Pièce d'identité personnelle et autre",
      "description": null,
      "gc_obo_type_c": "Pièces d'identités et papiers personnels",
      "gc_obo_nom_recordtype_sc_c": "Perdu",
      "id": "ca97"
    },
    {
      "date": "2024-01-03",
      "ville": "Paris",
      "description": null,
      "gc_obo_nature_c": "Clé de voiture",
      "gc_obo_type_c": "Clés, porte-clés, badge magnétique",
      "gc_obo_nom_recordtype_sc_c": "Perdu",
      "id": "81d6"
    },
    {
      "date": "2024-01-03",
      "ville": null,
      "gc_obo_nature_c": "AirPod, casque audio, écouteurs",
      "description": null,
      "gc_obo_type_c": "Appareils électroniques, informatiques, appareils photo",
      "gc_obo_nom_recordtype_sc_c": "Perdu",
      "id": "4866"
    },
    {
      "date": "2024-01-01",
      "ville": null,
      "description": null,
      "gc_obo_nature_c": "AirPod, casque audio, écouteurs",
      "gc_obo_type_c": "Appareils électroniques, informatiques, appareils photo",
      "gc_obo_nom_recordtype_sc_c": "Perdu",
      "id": "28a9"
    },
    {
      "date": "2024-01-01",
      "ville": null,
      "gc_obo_nature_c": "Valise, sac sur roulettes",
      "description": null,
      "gc_obo_type_c": "Bagagerie: sacs, valises, cartables",
      "gc_obo_nom_recordtype_sc_c": "Perdu",
      "id": "f9c2"
    },
    {
      "date": "2024-01-03",
      "ville": "Lyon",
      "gc_obo_nature_c": "Sac à main",
      "description": null,
      "gc_obo_type_c": "Bagagerie: sacs, valises, cartables",
      "gc_obo_nom_recordtype_sc_c": "Perdu",
      "id": "62a0"
    },
    {
      "date": "2024-01-03",
      "ville": null,
      "gc_obo_nature_c": "Carte d'identité, passeport, permis de conduire",
      "description": null,
      "gc_obo_type_c": "Pièces d'identités et papiers personnels",
      "gc_obo_nom_recordtype_sc_c": "Perdu",
      "id": "73e1"
    },
    {
      "date": "2024-01-03",
      "ville": "Paris",
      "gc_obo_nature_c": "Valise, sac sur roulettes",
      "description": null,
      "gc_obo_type_c": "Bagagerie: sacs, valises, cartables",
      "gc_obo_nom_recordtype_sc_c": "Perdu",
      "id": "b3ac"
    },
    {
      "date": "2024-01-02",
      "ville": null,
      "gc_obo_nature_c": "Ordinateur, ordinateur portable, notebook",
      "description": null,
      "gc_obo_type_c": "Appareils électroniques, informatiques, appareils photo",
      "gc_obo_nom_recordtype_sc_c": "Perdu",
      "id": "66a5"
    },
    {
      "date": "2024-01-02",
      "ville": null,
      "gc_obo_nature_c": "Clé de voiture",
      "description": null,
      "gc_obo_type_c": "Clés, porte-clés, badge magnétique",
      "gc_obo_nom_recordtype_sc_c": "Perdu",
      "id": "d498"
    },
    {
      "date": "2024-01-02",
      "ville": null,
      "gc_obo_nature_c": "Autres appareils et accessoires électroniques",
      "description": null,
      "gc_obo_type_c": "Appareils électroniques, informatiques, appareils photo",
      "gc_obo_nom_recordtype_sc_c": "Perdu",
      "id": "e962"
    },
    {
      "date": "2024-01-02",
      "ville": null,
      "gc_obo_nature_c": "Autres vêtements",
      "gc_obo_type_c": "Vêtements, chaussures",
      "description": null,
      "gc_obo_nom_recordtype_sc_c": "Perdu",
      "id": "591b"
    },
    {
      "date": "2024-01-02",
      "ville": null,
      "gc_obo_nature_c": "Pièce d'identité personnelle et autre",
      "description": null,
      "gc_obo_type_c": "Pièces d'identités et papiers personnels",
      "gc_obo_nom_recordtype_sc_c": "Perdu",
      "id": "d770"
    },
    {
      "date": "2024-01-02",
      "ville": null,
      "gc_obo_nature_c": "Titre, livret d'épargne",
      "description": null,
      "gc_obo_type_c": "Porte-monnaie portefeuille, argent, titres",
      "gc_obo_nom_recordtype_sc_c": "Perdu",
      "id": "7a20"
    },
    {
      "date": "2024-01-04",
      "ville": null,
      "gc_obo_nature_c": "Clés, porte-clés",
      "gc_obo_type_c": "Clés, porte-clés, badge magnétique",
      "description": null,
      "gc_obo_nom_recordtype_sc_c": "Perdu",
      "id": "08c6"
    },
    {
      "date": "2024-01-04",
      "ville": "Tourcoing",
      "gc_obo_nature_c": "Valise, sac sur roulettes",
      "description": null,
      "gc_obo_type_c": "Bagagerie: sacs, valises, cartables",
      "gc_obo_nom_recordtype_sc_c": "Perdu",
      "id": "b0e2"
    },
    {
      "date": "2024-01-04",
      "ville": null,
      "gc_obo_nature_c": "Carte d'identité, passeport, permis de conduire",
      "description": null,
      "gc_obo_type_c": "Pièces d'identités et papiers personnels",
      "gc_obo_nom_recordtype_sc_c": "Perdu",
      "id": "b0a2"
    },
    {
      "date": "2024-01-01",
      "ville": "La Rochelle",
      "description": null,
      "gc_obo_nature_c": "Autres divers",
      "gc_obo_type_c": "Divers",
      "gc_obo_nom_recordtype_sc_c": "Trouvé",
      "id": "68c7"
    },
    {
      "date": "2024-01-01",
      "description": null,
      "ville": "Narbonne",
      "gc_obo_nature_c": "Sac à main",
      "gc_obo_type_c": "Bagagerie: sacs, valises, cartables",
      "gc_obo_nom_recordtype_sc_c": "Trouvé",
      "id": "7ea2"
    },
    {
      "date": "2024-01-01",
      "ville": "Bordeaux",
      "gc_obo_nature_c": "Clés, porte-clés",
      "description": null,
      "gc_obo_type_c": "Clés, porte-clés, badge magnétique",
      "gc_obo_nom_recordtype_sc_c": "Trouvé",
      "id": "c8d8"
    },
    {
      "date": "2024-01-01",
      "ville": "Bordeaux",
      "description": null,
      "gc_obo_nature_c": "Téléphone portable protégé (étui, coque,...)",
      "gc_obo_type_c": "Appareils électroniques, informatiques, appareils photo",
      "gc_obo_nom_recordtype_sc_c": "Trouvé",
      "id": "7230"
    },
    {
      "date": "2024-01-01",
      "ville": "Lille",
      "gc_obo_nature_c": "Couteau de poche, autre couteau",
      "description": null,
      "gc_obo_type_c": "Divers",
      "gc_obo_nom_recordtype_sc_c": "Trouvé",
      "id": "dda1"
    },
    {
      "date": "2024-01-01",
      "ville": "Lyon",
      "gc_obo_nature_c": "Sac d'enseigne (plastique, papier, ...)",
      "description": null,
      "gc_obo_type_c": "Bagagerie: sacs, valises, cartables",
      "gc_obo_nom_recordtype_sc_c": "Trouvé",
      "id": "60c0"
    },
    {
      "date": "2024-01-01",
      "ville": "Paris",
      "gc_obo_nature_c": "Valise, sac sur roulettes",
      "gc_obo_type_c": "Bagagerie: sacs, valises, cartables",
      "description": null,
      "gc_obo_nom_recordtype_sc_c": "Trouvé",
      "id": "ba9d"
    },
    {
      "date": "2024-01-01",
      "ville": "Paris",
      "gc_obo_nature_c": "Valise, sac sur roulettes",
      "gc_obo_type_c": "Bagagerie: sacs, valises, cartables",
      "description": null,
      "gc_obo_nom_recordtype_sc_c": "Trouvé",
      "id": "4397"
    },
    {
      "date": "2024-01-01",
      "ville": "Bourg-Saint-Maurice",
      "gc_obo_nature_c": "Casque (vélo, moto)",
      "description": null,
      "gc_obo_type_c": "Vélos, trottinettes, accessoires 2 roues",
      "gc_obo_nom_recordtype_sc_c": "Trouvé",
      "id": "2915"
    },
    {
      "date": "2024-01-01",
      "ville": "Bordeaux",
      "gc_obo_nature_c": "Porte-monnaie, portefeuille",
      "description": null,
      "gc_obo_type_c": "Porte-monnaie portefeuille, argent, titres",
      "gc_obo_nom_recordtype_sc_c": "Trouvé",
      "id": "f039"
    },
    {
      "date": "2024-01-01",
      "ville": "Paris",
      "description": null,
      "gc_obo_nature_c": "Porte-monnaie, portefeuille",
      "gc_obo_type_c": "Porte-monnaie portefeuille, argent, titres",
      "gc_obo_nom_recordtype_sc_c": "Trouvé",
      "id": "b02b"
    },
    {
      "date": "2024-01-01",
      "description": null,
      "ville": "Hendaye",
      "gc_obo_nature_c": "Sac de voyage, sac de sport, sac à bandoulière",
      "gc_obo_type_c": "Bagagerie: sacs, valises, cartables",
      "gc_obo_nom_recordtype_sc_c": "Trouvé",
      "id": "03e8"
    },
    {
      "date": "2024-01-01",
      "gc_obo_gare_origine_r_name": "Montpellier Sud de France",
      "description": null,
      "ville": "Montpellier",
      "gc_obo_gare_origine_r_code_uic_c": "0087688887",
      "gc_obo_nature_c": "Ordinateur, ordinateur portable, notebook",
      "gc_obo_type_c": "Appareils électroniques, informatiques, appareils photo",
      "gc_obo_nom_recordtype_sc_c": "Trouvé",
      "id": "1ac9"
    },
    {
      "date": "2024-01-01",
      "description": null,
      "ville": "Orléans",
      "gc_obo_nature_c": "Autres divers",
      "gc_obo_type_c": "Divers",
      "gc_obo_nom_recordtype_sc_c": "Trouvé",
      "id": "c7a0"
    },
    {
      "date": "2024-01-01",
      "description": null,
      "ville": "Dax",
      "gc_obo_nature_c": "Porte-monnaie, portefeuille",
      "gc_obo_type_c": "Porte-monnaie portefeuille, argent, titres",
      "gc_obo_nom_recordtype_sc_c": "Trouvé",
      "id": "9189"
    },
    {
      "date": "2024-01-01",
      "ville": "Nancy",
      "gc_obo_nature_c": "Sac à dos",
      "description": null,
      "gc_obo_type_c": "Bagagerie: sacs, valises, cartables",
      "gc_obo_nom_recordtype_sc_c": "Trouvé",
      "id": "04c1"
    },
    {
      "date": "2024-01-01",
      "ville": "Périgueux",
      "description": null,
      "gc_obo_nature_c": "Ordinateur, ordinateur portable, notebook",
      "gc_obo_type_c": "Appareils électroniques, informatiques, appareils photo",
      "gc_obo_nom_recordtype_sc_c": "Trouvé",
      "id": "387e"
    },
    {
      "date": "2024-01-01",
      "description": null,
      "ville": "Pau",
      "gc_obo_nature_c": "Cigarette électronique",
      "gc_obo_type_c": "Divers",
      "gc_obo_nom_recordtype_sc_c": "Trouvé",
      "id": "ad8a"
    },
    {
      "date": "2024-01-01",
      "ville": "Nice",
      "gc_obo_nature_c": "Porte-monnaie, portefeuille",
      "gc_obo_type_c": "Porte-monnaie portefeuille, argent, titres",
      "description": null,
      "gc_obo_nom_recordtype_sc_c": "Trouvé",
      "id": "ec2d"
    },
    {
      "date": "2024-01-01",
      "ville": "Nice",
      "gc_obo_nature_c": "Valise, sac sur roulettes",
      "gc_obo_type_c": "Bagagerie: sacs, valises, cartables",
      "description": null,
      "gc_obo_nom_recordtype_sc_c": "Trouvé",
      "id": "27dd"
    },
    {
      "date": "2024-01-01",
      "ville": "Tours",
      "gc_obo_nature_c": "Sac de voyage, sac de sport, sac à bandoulière",
      "description": null,
      "gc_obo_type_c": "Bagagerie: sacs, valises, cartables",
      "gc_obo_nom_recordtype_sc_c": "Trouvé",
      "id": "a58a"
    },
    {
      "date": "2024-01-02",
      "ville": "Montpellier",
      "gc_obo_nature_c": "Sac à main",
      "gc_obo_type_c": "Bagagerie: sacs, valises, cartables",
      "description": null,
      "gc_obo_nom_recordtype_sc_c": "Trouvé",
      "id": "3142"
    },
    {
      "date": "2024-01-02",
      "ville": "Périgueux",
      "gc_obo_nature_c": "Porte-monnaie, portefeuille",
      "gc_obo_type_c": "Porte-monnaie portefeuille, argent, titres",
      "description": null,
      "gc_obo_nom_recordtype_sc_c": "Trouvé",
      "id": "6bab"
    },
    {
      "date": "2024-01-02",
      "ville": "Annecy",
      "gc_obo_nature_c": "Lunettes",
      "description": null,
      "gc_obo_type_c": "Optique",
      "gc_obo_nom_recordtype_sc_c": "Trouvé",
      "id": "5882"
    },
    {
      "date": "2024-01-02",
      "ville": "Marseille",
      "gc_obo_nature_c": "Valise, sac sur roulettes",
      "description": null,
      "gc_obo_type_c": "Bagagerie: sacs, valises, cartables",
      "gc_obo_nom_recordtype_sc_c": "Trouvé",
      "id": "1f2b"
    },
    {
      "date": "2024-01-02",
      "ville": "Toulouse",
      "description": null,
      "gc_obo_nature_c": "Sac à dos",
      "gc_obo_type_c": "Bagagerie: sacs, valises, cartables",
      "gc_obo_nom_recordtype_sc_c": "Trouvé",
      "id": "010f"
    },
    {
      "date": "2024-01-02",
      "ville": "Besanèon",
      "gc_obo_nature_c": "Sac à dos",
      "gc_obo_type_c": "Bagagerie: sacs, valises, cartables",
      "description": null,
      "gc_obo_nom_recordtype_sc_c": "Trouvé",
      "id": "6a06"
    },
    {
      "date": "2024-01-02",
      "ville": "Paris",
      "gc_obo_nature_c": "Porte-monnaie, portefeuille",
      "gc_obo_type_c": "Porte-monnaie portefeuille, argent, titres",
      "description": null,
      "gc_obo_nom_recordtype_sc_c": "Trouvé",
      "id": "50ac"
    },
    {
      "date": "2024-01-02",
      "ville": "Tarbes",
      "gc_obo_nature_c": "Montre",
      "gc_obo_type_c": "Bijoux, montres",
      "description": null,
      "gc_obo_nom_recordtype_sc_c": "Trouvé",
      "id": "b533"
    },
    {
      "date": "2024-01-02",
      "ville": "Paris",
      "gc_obo_nature_c": "Valise, sac sur roulettes",
      "gc_obo_type_c": "Bagagerie: sacs, valises, cartables",
      "description": null,
      "gc_obo_nom_recordtype_sc_c": "Trouvé",
      "id": "db6a"
    },
    {
      "date": "2024-01-02",
      "ville": "Bordeaux",
      "gc_obo_nature_c": "Autres appareils et accessoires électroniques",
      "gc_obo_type_c": "Appareils électroniques, informatiques, appareils photo",
      "description": null,
      "gc_obo_nom_recordtype_sc_c": "Trouvé",
      "id": "2b55"
    },
    {
      "date": "2024-01-02",
      "ville": "Brest",
      "gc_obo_nature_c": "Sac de voyage, sac de sport, sac à bandoulière",
      "gc_obo_type_c": "Bagagerie: sacs, valises, cartables",
      "description": null,
      "gc_obo_nom_recordtype_sc_c": "Trouvé",
      "id": "75b0"
    },
    {
      "date": "2024-01-02",
      "ville": "Paris",
      "gc_obo_nature_c": "Sac à main",
      "description": null,
      "gc_obo_type_c": "Bagagerie: sacs, valises, cartables",
      "gc_obo_nom_recordtype_sc_c": "Trouvé",
      "id": "a2a4"
    },
    {
      "date": "2024-01-02",
      "ville": "Lille",
      "gc_obo_nature_c": "Sac d'enseigne (plastique, papier, ...)",
      "description": null,
      "gc_obo_type_c": "Bagagerie: sacs, valises, cartables",
      "gc_obo_nom_recordtype_sc_c": "Trouvé",
      "id": "44e4"
    },
    {
      "date": "2024-01-02",
      "ville": "Brest",
      "gc_obo_nature_c": "Tablette tactile protégée (étui, housse)",
      "description": null,
      "gc_obo_type_c": "Appareils électroniques, informatiques, appareils photo",
      "gc_obo_nom_recordtype_sc_c": "Trouvé",
      "id": "c57f"
    },
    {
      "date": "2024-01-02",
      "ville": "Bordeaux",
      "description": null,
      "gc_obo_nature_c": "Autres instruments de musique",
      "gc_obo_type_c": "Instruments de musique",
      "gc_obo_nom_recordtype_sc_c": "Trouvé",
      "id": "c90c"
    },
    {
      "date": "2024-01-02",
      "ville": "Paris",
      "description": null,
      "gc_obo_nature_c": "Support de données (CD, DVD, etc.)",
      "gc_obo_type_c": "Appareils électroniques, informatiques, appareils photo",
      "gc_obo_nom_recordtype_sc_c": "Trouvé",
      "id": "adb9"
    },
    {
      "date": "2024-01-02",
      "ville": "Paris",
      "description": null,
      "gc_obo_nature_c": "Porte-monnaie, portefeuille",
      "gc_obo_type_c": "Porte-monnaie portefeuille, argent, titres",
      "gc_obo_nom_recordtype_sc_c": "Trouvé",
      "id": "67d5"
    },
    {
      "date": "2024-01-02",
      "ville": "Paris",
      "description": null,
      "gc_obo_nature_c": "Sac à dos",
      "gc_obo_type_c": "Bagagerie: sacs, valises, cartables",
      "gc_obo_nom_recordtype_sc_c": "Trouvé",
      "id": "423d"
    },
    {
      "date": "2024-01-02",
      "ville": "Paris",
      "description": null,
      "gc_obo_nature_c": "Sac de voyage, sac de sport, sac à bandoulière",
      "gc_obo_type_c": "Bagagerie: sacs, valises, cartables",
      "gc_obo_nom_recordtype_sc_c": "Trouvé",
      "id": "42b0"
    },
    {
      "date": "2024-01-02",
      "ville": "Paris",
      "gc_obo_nature_c": "Chemise à rabat",
      "description": null,
      "gc_obo_type_c": "Livres, articles de papéterie",
      "gc_obo_nom_recordtype_sc_c": "Trouvé",
      "id": "93d9"
    },
    {
      "date": "2024-01-02",
      "ville": "Besanèon",
      "gc_obo_nature_c": "Sacs de couchage, duvet",
      "description": null,
      "gc_obo_type_c": "Articles de sport, loisirs, camping",
      "gc_obo_nom_recordtype_sc_c": "Trouvé",
      "id": "ad87"
    },
    {
      "date": "2024-01-02",
      "ville": "Bordeaux",
      "gc_obo_nature_c": "Téléphone portable protégé (étui, coque,...)",
      "description": null,
      "gc_obo_type_c": "Appareils électroniques, informatiques, appareils photo",
      "gc_obo_nom_recordtype_sc_c": "Trouvé",
      "id": "d499"
    },
    {
      "date": "2024-01-02",
      "ville": "Paris",
      "gc_obo_nature_c": "Téléphone portable protégé (étui, coque,...)",
      "description": null,
      "gc_obo_type_c": "Appareils électroniques, informatiques, appareils photo",
      "gc_obo_nom_recordtype_sc_c": "Trouvé",
      "id": "0734"
    },
    {
      "date": "2024-01-02",
      "ville": "Paris",
      "gc_obo_nature_c": "Sac à dos",
      "gc_obo_type_c": "Bagagerie: sacs, valises, cartables",
      "description": null,
      "gc_obo_nom_recordtype_sc_c": "Trouvé",
      "id": "2508"
    },
    {
      "date": "2024-01-02",
      "ville": "Paris",
      "gc_obo_nature_c": "Sac à dos",
      "gc_obo_type_c": "Bagagerie: sacs, valises, cartables",
      "description": null,
      "gc_obo_nom_recordtype_sc_c": "Trouvé",
      "id": "8320"
    },
    {
      "date": "2024-01-02",
      "ville": "Paris",
      "gc_obo_nature_c": "Sac à main",
      "gc_obo_type_c": "Bagagerie: sacs, valises, cartables",
      "description": null,
      "gc_obo_nom_recordtype_sc_c": "Trouvé",
      "id": "099e"
    },
    {
      "date": "2024-01-02",
      "ville": "Paris",
      "gc_obo_nature_c": "AirPod, casque audio, écouteurs",
      "description": null,
      "gc_obo_type_c": "Appareils électroniques, informatiques, appareils photo",
      "gc_obo_nom_recordtype_sc_c": "Trouvé",
      "id": "0ffc"
    },
    {
      "date": "2024-01-02",
      "ville": "Paris",
      "gc_obo_nature_c": "Sac à dos",
      "gc_obo_type_c": "Bagagerie: sacs, valises, cartables",
      "description": null,
      "gc_obo_nom_recordtype_sc_c": "Trouvé",
      "id": "8e97"
    },
    {
      "date": "2024-01-02",
      "ville": "Marseille",
      "gc_obo_nature_c": "Disque dur externe, clé USB",
      "description": null,
      "gc_obo_type_c": "Appareils électroniques, informatiques, appareils photo",
      "gc_obo_nom_recordtype_sc_c": "Trouvé",
      "id": "a95f"
    },
    {
      "date": "2024-01-02",
      "description": null,
      "ville": "Paris",
      "gc_obo_nature_c": "Sac à main",
      "gc_obo_type_c": "Bagagerie: sacs, valises, cartables",
      "gc_obo_nom_recordtype_sc_c": "Trouvé",
      "id": "935d"
    },
    {
      "date": "2024-01-02",
      "ville": "Orléans",
      "gc_obo_nature_c": "Sac à dos",
      "description": null,
      "gc_obo_type_c": "Bagagerie: sacs, valises, cartables",
      "gc_obo_nom_recordtype_sc_c": "Trouvé",
      "id": "1b30"
    },
    {
      "date": "2024-01-02",
      "ville": "Paris",
      "description": null,
      "gc_obo_nature_c": "Montre",
      "gc_obo_type_c": "Bijoux, montres",
      "gc_obo_nom_recordtype_sc_c": "Trouvé",
      "id": "9f23"
    },
    {
      "date": "2024-01-02",
      "ville": "Paris",
      "gc_obo_nature_c": "Clé de voiture",
      "description": null,
      "gc_obo_type_c": "Clés, porte-clés, badge magnétique",
      "gc_obo_nom_recordtype_sc_c": "Trouvé",
      "id": "86c3"
    },
    {
      "date": "2024-01-02",
      "ville": "Paris",
      "description": null,
      "gc_obo_nature_c": "Porte-monnaie, portefeuille",
      "gc_obo_type_c": "Porte-monnaie portefeuille, argent, titres",
      "gc_obo_nom_recordtype_sc_c": "Trouvé",
      "id": "3376"
    },
    {
      "date": "2024-01-02",
      "ville": "Brest",
      "gc_obo_nature_c": "Autres divers",
      "description": null,
      "gc_obo_type_c": "Divers",
      "gc_obo_nom_recordtype_sc_c": "Trouvé",
      "id": "6753"
    },
    {
      "date": "2024-01-02",
      "ville": "Avignon",
      "gc_obo_nature_c": "Sac d'enseigne (plastique, papier, ...)",
      "description": null,
      "gc_obo_type_c": "Bagagerie: sacs, valises, cartables",
      "gc_obo_nom_recordtype_sc_c": "Trouvé",
      "id": "543a"
    },
    {
      "date": "2024-01-02",
      "ville": "Paris",
      "gc_obo_nature_c": "Nécessaire, mallette de toilette, sac de maquillage",
      "description": null,
      "gc_obo_type_c": "Bagagerie: sacs, valises, cartables",
      "gc_obo_nom_recordtype_sc_c": "Trouvé",
      "id": "f77b"
    },
    {
      "date": "2024-01-02",
      "ville": "Paris",
      "gc_obo_nature_c": "Clés, porte-clés",
      "description": null,
      "gc_obo_type_c": "Clés, porte-clés, badge magnétique",
      "gc_obo_nom_recordtype_sc_c": "Trouvé",
      "id": "c08b"
    },
    {
      "date": "2024-01-02",
      "ville": "Saint-Gervais-Les-Bains",
      "gc_obo_nature_c": "Sac à main",
      "description": null,
      "gc_obo_type_c": "Bagagerie: sacs, valises, cartables",
      "gc_obo_nom_recordtype_sc_c": "Trouvé",
      "id": "2d0b"
    },
    {
      "date": "2024-01-02",
      "ville": "Brest",
      "gc_obo_nature_c": "Sac à main",
      "description": null,
      "gc_obo_type_c": "Bagagerie: sacs, valises, cartables",
      "gc_obo_nom_recordtype_sc_c": "Trouvé",
      "id": "9a75"
    },
    {
      "date": "2024-01-02",
      "ville": "Toulouse",
      "description": null,
      "gc_obo_nature_c": "Sac de voyage, sac de sport, sac à bandoulière",
      "gc_obo_type_c": "Bagagerie: sacs, valises, cartables",
      "gc_obo_nom_recordtype_sc_c": "Trouvé",
      "id": "734f"
    },
    {
      "date": "2024-01-02",
      "description": null,
      "ville": "Brest",
      "gc_obo_nature_c": "Sac de voyage, sac de sport, sac à bandoulière",
      "gc_obo_type_c": "Bagagerie: sacs, valises, cartables",
      "gc_obo_nom_recordtype_sc_c": "Trouvé",
      "id": "5a60"
    },
    {
      "date": "2024-01-02",
      "ville": "Bordeaux",
      "description": null,
      "gc_obo_nature_c": "Lunettes",
      "gc_obo_type_c": "Optique",
      "gc_obo_nom_recordtype_sc_c": "Trouvé",
      "id": "6626"
    },
    {
      "date": "2024-01-02",
      "description": null,
      "ville": "Poitiers",
      "gc_obo_nature_c": "Téléphone portable protégé (étui, coque,...)",
      "gc_obo_type_c": "Appareils électroniques, informatiques, appareils photo",
      "gc_obo_nom_recordtype_sc_c": "Trouvé",
      "id": "2cd9"
    },
    {
      "date": "2024-01-02",
      "ville": "Metz",
      "gc_obo_nature_c": "Téléphone portable",
      "description": null,
      "gc_obo_type_c": "Appareils électroniques, informatiques, appareils photo",
      "gc_obo_nom_recordtype_sc_c": "Trouvé",
      "id": "d38e"
    },
    {
      "date": "2024-01-02",
      "ville": "Nîmes",
      "gc_obo_nature_c": "Porte-monnaie, portefeuille",
      "description": null,
      "gc_obo_type_c": "Porte-monnaie portefeuille, argent, titres",
      "gc_obo_nom_recordtype_sc_c": "Trouvé",
      "id": "71f2"
    },
    {
      "date": "2024-01-02",
      "ville": "Paris",
      "description": null,
      "gc_obo_nature_c": "Valise, sac sur roulettes",
      "gc_obo_type_c": "Bagagerie: sacs, valises, cartables",
      "gc_obo_nom_recordtype_sc_c": "Trouvé",
      "id": "900d"
    },
    {
      "date": "2024-01-02",
      "ville": "Paris",
      "description": null,
      "gc_obo_nature_c": "Sac à dos",
      "gc_obo_type_c": "Bagagerie: sacs, valises, cartables",
      "gc_obo_nom_recordtype_sc_c": "Trouvé",
      "id": "d35f"
    },
    {
      "date": "2024-01-02",
      "ville": "Paris",
      "description": null,
      "gc_obo_nature_c": "Sac de voyage, sac de sport, sac à bandoulière",
      "gc_obo_type_c": "Bagagerie: sacs, valises, cartables",
      "gc_obo_nom_recordtype_sc_c": "Trouvé",
      "id": "08b9"
    },
    {
      "date": "2024-01-02",
      "ville": "Paris",
      "gc_obo_nature_c": "Clés, porte-clés",
      "description": null,
      "gc_obo_type_c": "Clés, porte-clés, badge magnétique",
      "gc_obo_nom_recordtype_sc_c": "Trouvé",
      "id": "658f"
    },
    {
      "date": "2024-01-02",
      "ville": "Orléans",
      "description": null,
      "gc_obo_nature_c": "Badge magnétique",
      "gc_obo_type_c": "Clés, porte-clés, badge magnétique",
      "gc_obo_nom_recordtype_sc_c": "Trouvé",
      "id": "c6bb"
    },
    {
      "date": "2024-01-02",
      "description": null,
      "ville": "Paris",
      "gc_obo_nature_c": "Valise, sac sur roulettes",
      "gc_obo_type_c": "Bagagerie: sacs, valises, cartables",
      "gc_obo_nom_recordtype_sc_c": "Trouvé",
      "id": "9d80"
    },
    {
      "date": "2024-01-02",
      "ville": "Nevers",
      "description": null,
      "gc_obo_nature_c": "Sac à dos",
      "gc_obo_type_c": "Bagagerie: sacs, valises, cartables",
      "gc_obo_nom_recordtype_sc_c": "Trouvé",
      "id": "5ef3"
    },
    {
      "date": "2024-01-02",
      "ville": "Rennes",
      "description": null,
      "gc_obo_nature_c": "Manteau, veste, blazer, parka, blouson, cape",
      "gc_obo_type_c": "Vêtements, chaussures",
      "gc_obo_nom_recordtype_sc_c": "Trouvé",
      "id": "2c9b"
    },
    {
      "date": "2024-01-02",
      "ville": "Paris",
      "description": null,
      "gc_obo_nature_c": "Autres articles enfants, bébé",
      "gc_obo_type_c": "Articles d'enfants, de puériculture",
      "gc_obo_nom_recordtype_sc_c": "Trouvé",
      "id": "e048"
    },
    {
      "date": "2024-01-02",
      "ville": "Toulouse",
      "description": null,
      "gc_obo_nature_c": "Sac à main",
      "gc_obo_type_c": "Bagagerie: sacs, valises, cartables",
      "gc_obo_nom_recordtype_sc_c": "Trouvé",
      "id": "f3d5"
    },
    {
      "date": "2024-01-02",
      "ville": "Cannes",
      "description": null,
      "gc_obo_nature_c": "Carte d'identité, passeport, permis de conduire",
      "gc_obo_type_c": "Pièces d'identités et papiers personnels",
      "gc_obo_nom_recordtype_sc_c": "Trouvé",
      "id": "c009"
    },
    {
      "date": "2024-01-02",
      "ville": "Rouen",
      "description": null,
      "gc_obo_nature_c": "Tablette tactile protégée (étui, housse)",
      "gc_obo_type_c": "Appareils électroniques, informatiques, appareils photo",
      "gc_obo_nom_recordtype_sc_c": "Trouvé",
      "id": "ac0b"
    },
    {
      "date": "2024-01-02",
      "ville": "Brest",
      "description": null,
      "gc_obo_nature_c": "Livre de poche",
      "gc_obo_type_c": "Livres, articles de papéterie",
      "gc_obo_nom_recordtype_sc_c": "Trouvé",
      "id": "0e36"
    },
    {
      "date": "2024-01-02",
      "ville": "Lille",
      "description": null,
      "gc_obo_nature_c": "Tablette tactile protégée (étui, housse)",
      "gc_obo_type_c": "Appareils électroniques, informatiques, appareils photo",
      "gc_obo_nom_recordtype_sc_c": "Trouvé",
      "id": "b44f"
    },
    {
      "date": "2024-01-02",
      "ville": "Strasbourg",
      "description": null,
      "gc_obo_nature_c": "Sac à dos",
      "gc_obo_type_c": "Bagagerie: sacs, valises, cartables",
      "gc_obo_nom_recordtype_sc_c": "Trouvé",
      "id": "2b02"
    },
    {
      "date": "2024-01-02",
      "ville": "Mantes",
      "description": null,
      "gc_obo_nature_c": "Sac à dos",
      "gc_obo_type_c": "Bagagerie: sacs, valises, cartables",
      "gc_obo_nom_recordtype_sc_c": "Trouvé",
      "id": "741c"
    },
    {
      "date": "2024-01-02",
      "ville": "Nancy",
      "description": null,
      "gc_obo_nature_c": "Porte-monnaie, portefeuille",
      "gc_obo_type_c": "Porte-monnaie portefeuille, argent, titres",
      "gc_obo_nom_recordtype_sc_c": "Trouvé",
      "id": "1806"
    },
    {
      "date": "2024-01-02",
      "ville": "Saint-étienne",
      "description": null,
      "gc_obo_nature_c": "Ordinateur, ordinateur portable, notebook",
      "gc_obo_type_c": "Appareils électroniques, informatiques, appareils photo",
      "gc_obo_nom_recordtype_sc_c": "Trouvé",
      "id": "ef5c"
    },
    {
      "date": "2024-01-02",
      "ville": "Valence",
      "description": null,
      "gc_obo_nature_c": "Sac à dos",
      "gc_obo_type_c": "Bagagerie: sacs, valises, cartables",
      "gc_obo_nom_recordtype_sc_c": "Trouvé",
      "id": "feb8"
    },
    {
      "date": "2024-01-02",
      "ville": "Tours",
      "description": null,
      "gc_obo_nature_c": "Valise, sac sur roulettes",
      "gc_obo_type_c": "Bagagerie: sacs, valises, cartables",
      "gc_obo_nom_recordtype_sc_c": "Trouvé",
      "id": "5e7c"
    },
    {
      "date": "2024-01-02",
      "ville": "Angers",
      "description": null,
      "gc_obo_nature_c": "Lunettes",
      "gc_obo_type_c": "Optique",
      "gc_obo_nom_recordtype_sc_c": "Trouvé",
      "id": "35fc"
    },
    {
      "date": "2024-01-02",
      "ville": "Nancy",
      "description": null,
      "gc_obo_nature_c": "Sacs de couchage, duvet",
      "gc_obo_type_c": "Articles de sport, loisirs, camping",
      "gc_obo_nom_recordtype_sc_c": "Trouvé",
      "id": "4f21"
    },
    {
      "date": "2024-01-02",
      "ville": "Saint-étienne",
      "description": null,
      "gc_obo_nature_c": "Valise, sac sur roulettes",
      "gc_obo_type_c": "Bagagerie: sacs, valises, cartables",
      "gc_obo_nom_recordtype_sc_c": "Trouvé",
      "id": "d2ee"
    },
    {
      "date": "2024-01-02",
      "ville": "Paris",
      "gc_obo_nature_c": "Carte Vitale",
      "description": null,
      "gc_obo_type_c": "Pièces d'identités et papiers personnels",
      "gc_obo_nom_recordtype_sc_c": "Trouvé",
      "id": "08f7"
    },
    {
      "date": "2024-01-03",
      "ville": "Tarbes",
      "gc_obo_nature_c": "Bonnet, chapeau",
      "description": null,
      "gc_obo_type_c": "Vêtements, chaussures",
      "gc_obo_nom_recordtype_sc_c": "Trouvé",
      "id": "1fe1"
    },
    {
      "date": "2024-01-03",
      "ville": "Paris",
      "description": null,
      "gc_obo_nature_c": "Sac de voyage, sac de sport, sac à bandoulière",
      "gc_obo_type_c": "Bagagerie: sacs, valises, cartables",
      "gc_obo_nom_recordtype_sc_c": "Trouvé",
      "id": "8fa8"
    },
    {
      "date": "2024-01-03",
      "ville": "Paris",
      "gc_obo_nature_c": "AirPod, casque audio, écouteurs",
      "description": null,
      "gc_obo_type_c": "Appareils électroniques, informatiques, appareils photo",
      "gc_obo_nom_recordtype_sc_c": "Trouvé",
      "id": "ed13"
    },
    {
      "date": "2024-01-03",
      "description": null,
      "ville": "Paris",
      "gc_obo_nature_c": "Porte-monnaie, portefeuille",
      "gc_obo_type_c": "Porte-monnaie portefeuille, argent, titres",
      "gc_obo_nom_recordtype_sc_c": "Trouvé",
      "id": "a5e8"
    },
    {
      "date": "2024-01-03",
      "ville": "Strasbourg",
      "description": null,
      "gc_obo_nature_c": "Porte-monnaie, portefeuille",
      "gc_obo_type_c": "Porte-monnaie portefeuille, argent, titres",
      "gc_obo_nom_recordtype_sc_c": "Trouvé",
      "id": "1e58"
    },
    {
      "date": "2024-01-03",
      "ville": "Paris",
      "description": null,
      "gc_obo_nature_c": "Sac à dos",
      "gc_obo_type_c": "Bagagerie: sacs, valises, cartables",
      "gc_obo_nom_recordtype_sc_c": "Trouvé",
      "id": "e211"
    },
    {
      "date": "2024-01-03",
      "ville": "Besanèon",
      "gc_obo_nature_c": "Tablette tactile",
      "description": null,
      "gc_obo_type_c": "Appareils électroniques, informatiques, appareils photo",
      "gc_obo_nom_recordtype_sc_c": "Trouvé",
      "id": "9f29"
    },
    {
      "date": "2024-01-03",
      "ville": "Lyon",
      "description": null,
      "gc_obo_nature_c": "Valise, sac sur roulettes",
      "gc_obo_type_c": "Bagagerie: sacs, valises, cartables",
      "gc_obo_nom_recordtype_sc_c": "Trouvé",
      "id": "bc2e"
    },
    {
      "date": "2024-01-03",
      "ville": "Lille",
      "description": null,
      "gc_obo_nature_c": "AirPod, casque audio, écouteurs",
      "gc_obo_type_c": "Appareils électroniques, informatiques, appareils photo",
      "gc_obo_nom_recordtype_sc_c": "Trouvé",
      "id": "731b"
    },
    {
      "id": "d3b7",
      "date": "2024-03-04",
      "ville": "Paris",
      "description": null,
      "gc_obo_nature_c": "Clé de voiture",
      "gc_obo_type_c": "Livres, articles de papéterie",
      "gc_obo_nom_recordtype_sc_c": "Perdu"
    },
    {
      "id": "2d40",
      "date": "2024-03-02",
      "ville": "Poitiers",
      "gc_obo_nature_c": "Sac à dos",
      "gc_obo_type_c": "Bagagerie: sacs, valises, cartables",
      "gc_obo_nom_recordtype_sc_c": "Trouvé",
      "description": null
    },
    {
      "id": "e560",
      "date": "2024-03-11",
      "description": "Guitare rouge ",
      "ville": "Le Mans",
      "gc_obo_nature_c": "Guitare",
      "gc_obo_type_c": "Instruments de musique",
      "gc_obo_nom_recordtype_sc_c": "Perdu"
    },
    {
      "id": "240d",
      "date": "",
      "description": "",
      "ville": "",
      "gc_obo_nature_c": "",
      "gc_obo_type_c": "",
      "gc_obo_nom_recordtype_sc_c": ""
    },
    {
      "id": "5ece",
      "date": "2024-02-15",
      "description": "Lunette soleil, marque: Dior",
      "ville": "Grenoble",
      "gc_obo_nature_c": "Lunettes",
      "gc_obo_type_c": "Optique",
      "gc_obo_nom_recordtype_sc_c": "Perdu"
    },
    {
      "id": "6c4a",
      "date": "2023-12-07",
      "description": "livre de dessin",
      "ville": "Marseille",
      "gc_obo_nature_c": "Livre de poche",
      "gc_obo_type_c": "Livres, articles de papéterie",
      "gc_obo_nom_recordtype_sc_c": "Perdu"
    },
    {
      "id": "edc3",
      "date": "2024-03-06",
      "description": "Clés maison avec un porte-clé de Real Madrid",
      "ville": "Tours",
      "gc_obo_nature_c": "Clés, porte-clés",
      "gc_obo_type_c": "Clés, porte-clés, badge magnétique",
      "gc_obo_nom_recordtype_sc_c": "Perdu"
    },
    {
      "id": "119a",
      "date": "2024-03-09",
      "description": "Boucles d'oreilles en forme d'une étoile dorée",
      "ville": "La Rochelle",
      "gc_obo_nature_c": "Boucles d'oreilles",
      "gc_obo_type_c": "Bijoux, montres",
      "gc_obo_nom_recordtype_sc_c": "Perdu"
    },
    {
      "id": "b2ec",
      "date": "2024-02-17",
      "description": "Porte-monnaie rouge, avec un logo Chanel",
      "ville": "Saint-Gervais-Les-Bains",
      "gc_obo_nature_c": "Porte-monnaie, portefeuille",
      "gc_obo_type_c": "Porte-monnaie portefeuille, argent, titres",
      "gc_obo_nom_recordtype_sc_c": "Perdu"
    },
    {
      "id": "a2a2",
      "date": "2024-03-01",
      "description": "Sac à dos la reine de neige",
      "ville": "Paris",
      "gc_obo_nature_c": "Sac à dos",
      "gc_obo_type_c": "Bagagerie: sacs, valises, cartables",
      "gc_obo_nom_recordtype_sc_c": "Perdu"
    },
    {
      "id": "8a5b",
      "date": "2024-03-18",
      "description": "Boucles d'oreilles en or",
      "ville": "Le Mans",
      "gc_obo_nature_c": "Boucles d'oreilles",
      "gc_obo_type_c": "Bijoux, montres",
      "gc_obo_nom_recordtype_sc_c": "Perdu"
    },
    {
      "id": "f5a8",
      "date": "2024-03-19",
      "description": "porte-clés avec 3 clés et un badge vert",
      "ville": "Le Mans",
      "gc_obo_nature_c": "Clés, porte-clés",
      "gc_obo_type_c": "Clés, porte-clés, badge magnétique",
      "gc_obo_nom_recordtype_sc_c": "Trouvé"
    },
    {
      "id": "1b61",
      "date": "2024-03-06",
      "description": "Sac à main vintage",
      "ville": "Marseille",
      "gc_obo_nature_c": "Sac à main",
      "gc_obo_type_c": "Bagagerie: sacs, valises, cartables",
      "gc_obo_nom_recordtype_sc_c": "Perdu"
    },
    {
      "id": "31fe",
      "date": "2024-03-08",
      "description": "Montre feminine de la marque clause",
      "ville": "Nice",
      "gc_obo_nature_c": "Montre",
      "gc_obo_type_c": "Bijoux, montres",
      "gc_obo_nom_recordtype_sc_c": "Perdu",
      "adresseMail": "findr@gmail.com"
    },
    {
      "id": "b3b2",
      "date": "",
      "description": "Guitare vert",
      "ville": "Le Mans",
      "gc_obo_nature_c": "Guitare",
      "gc_obo_type_c": "Instruments de musique",
      "gc_obo_nom_recordtype_sc_c": "Perdu",
      "adresseMail": "Mans@gmail.com"
    },
    {
      "id": "c1b1",
      "date": "2024-03-06",
      "description": "",
      "ville": "Marseille",
      "gc_obo_nature_c": "Casque (vélo, moto)",
      "gc_obo_type_c": "Vélos, trottinettes, accessoires 2 roues",
      "gc_obo_nom_recordtype_sc_c": "Perdu",
      "adresseMail": "ko@gmail.com"
    },
    {
      "id": "ffb8",
      "date": "2024-03-03",
      "description": "",
      "ville": "Lyon",
      "gc_obo_nature_c": "Porte-monnaie, portefeuille",
      "gc_obo_type_c": "Porte-monnaie portefeuille, argent, titres",
      "gc_obo_nom_recordtype_sc_c": "Perdu",
      "adresseMail": "je@gmail.com"
    },
    {
      "id": "b1fd",
      "date": "2024-03-11",
      "description": "guitare jaune",
      "ville": "Dijon",
      "gc_obo_nature_c": "Guitare",
      "gc_obo_type_c": "Instruments de musique",
      "gc_obo_nom_recordtype_sc_c": "Perdu",
      "adresseMail": "mans@gmail.com"
    },
    {
      "id": "08a0",
      "date": "2024-03-11",
      "description": "guitare jaune",
      "ville": "Dijon",
      "gc_obo_nature_c": "Guitare",
      "gc_obo_type_c": "Instruments de musique",
      "gc_obo_nom_recordtype_sc_c": "Perdu",
      "adresseMail": "mans@gmail.com"
    },
    {
      "id": "6a3c",
      "date": "2024-03-11",
      "description": "guitare jaune",
      "ville": "Le Mans",
      "gc_obo_nature_c": "Guitare",
      "gc_obo_type_c": "Instruments de musique",
      "gc_obo_nom_recordtype_sc_c": "Perdu",
      "adresseMail": "oui@gmail.com"
    },
    {
      "id": "7931",
      "date": "2024-03-21",
      "description": "Classique , marron",
      "ville": "Saint-etienne",
      "gc_obo_nature_c": "Guitare",
      "gc_obo_type_c": "Instruments de musique",
      "gc_obo_nom_recordtype_sc_c": "Perdu",
      "adresseMail": "guitare@gmail.com"
    },
    {
      "id": "042f",
      "date": "2024-03-21",
      "description": "",
      "ville": "Lyon",
      "gc_obo_nature_c": "Boucles d'oreilles",
      "gc_obo_type_c": "Bijoux, montres",
      "gc_obo_nom_recordtype_sc_c": "Trouvé",
      "adresseMail": ""
    },
    {
      "id": "3944",
      "date": "2024-03-07",
      "description": "",
      "ville": "Marseille",
      "gc_obo_nature_c": "Sac à dos",
      "gc_obo_type_c": "Bagagerie: sacs, valises, cartables",
      "gc_obo_nom_recordtype_sc_c": "Trouvé",
      "adresseMail": ""
    },
    {
      "id": "d2f2",
      "date": "2024-03-01",
      "description": "",
      "ville": "Toulouse",
      "gc_obo_nature_c": "Clés, porte-clés",
      "gc_obo_type_c": "Clés, porte-clés, badge magnétique",
      "gc_obo_nom_recordtype_sc_c": "Perdu",
      "adresseMail": "cle@gmail.com"
    },
    {
      "id": "e661",
      "date": "2024-03-03",
      "description": "",
      "ville": "Paris",
      "gc_obo_nature_c": "Sac à main",
      "gc_obo_type_c": "Bagagerie: sacs, valises, cartables",
      "gc_obo_nom_recordtype_sc_c": "Perdu",
      "adresseMail": "sac@gmail.com"
    },
    {
      "id": "c53d",
      "date": "2024-03-01",
      "description": "",
      "ville": "",
      "gc_obo_nature_c": "Sac à main",
      "gc_obo_type_c": "Bagagerie: sacs, valises, cartables",
      "gc_obo_nom_recordtype_sc_c": "Perdu",
      "adresseMail": ""
    },
    {
      "id": "7e93",
      "date": "",
      "description": "",
      "ville": "",
      "gc_obo_nature_c": "",
      "gc_obo_type_c": "",
      "gc_obo_nom_recordtype_sc_c": "",
      "adresseMail": ""
    },
    {
      "id": "fb31",
      "date": "2024-03-15",
      "description": "un ourson brun clair",
      "ville": "Le Mans",
      "gc_obo_nature_c": "Peluche",
      "gc_obo_type_c": "Articles d'enfants, de puériculture",
      "gc_obo_nom_recordtype_sc_c": "Perdu",
      "adresseMail": "amandine@gmail.com"
    }
  ]
}